leg_1,leg_2,leg_3,leg_4,flag_1,flag_2,flag_3
4.608328576,,,,1,1,1
19.98455296,,,,1,1,1
0.557462553,,,,1,1,1
0.557462553,3.38,,,1,1,1
3.512681133,3.377777778,,,1,1,1
6.500688687,4.457777778,23.88666667,22.08,1,0,1
6.500688687,4.457777778,4.46,22.14,1,1,1
6.500688687,22.14,22.08,,1,1,1
